<?xml version="1.0" encoding="UTF-8"?>
<!DOCTYPE mapper PUBLIC "-//mybatis.org//DTD Mapper 3.0//EN" "http://mybatis.org/dtd/mybatis-3-mapper.dtd">
<mapper namespace="pers.zhangdi.graduation.dao.ExamPaperMapper">
    <insert id="addExamPaper">
        insert into exam_paper values (#{paper.title},#{paper.id},#{paper.author},#{paper.author_id},
        #{paper.sub},#{paper.grade},#{paper.q_choice},#{paper.q_fill},#{paper.q_big},CURRENT_TIMESTAMP())
    </insert>
    <delete id="delExamPaper">
        delete from exam_paper where id=#{id}
    </delete>
    <select id="findAllExamPaper" resultType="ExamPaper">
        select * from exam_paper ORDER BY time DESC
    </select>
    <select id="findExamPaper" resultType="ExamPaper">
        select * from exam_paper where id=#{id}
    </select>
    <select id="findExamPaperById" resultType="ExamPaper">
        select * from exam_paper where author_id = #{authorid} ORDER BY time DESC
    </select>
</mapper>