<?xml version="1.0" encoding="UTF-8"?>
<!DOCTYPE mapper PUBLIC "-//mybatis.org//DTD Mapper 3.0//EN" "http://mybatis.org/dtd/mybatis-3-mapper.dtd">
<mapper namespace="pers.zhangdi.graduation.dao.QuestionMapper">
    <insert id="addQuestion">
        insert into question values (#{question.id},#{question.type},#{question.score},
        #{question.sub},#{question.content},#{question.answer},CURRENT_TIMESTAMP())
    </insert>
    <delete id="deleteQuestion">
        delete from question where id=#{id}
    </delete>
    <update id="updateQuestion">
        update question set score=#{question.score},sub=#{question.sub},
        content=#{question.content},answer=#{question.answer}
        where id=#{question.id}
    </update>
    <select id="findQuestionById" resultType="Question">
        select * from question where id=#{id} ORDER BY time DESC
    </select>

    <select id="findAllQuestionLimit" resultType="Question">
        select * from question
        <where>
            <if test="sub!=null">
                and sub=#{sub}
            </if>
            <if test="type!=null">
                and type=#{type}
            </if>
        </where>
        ORDER BY time DESC limit #{begin},10;
    </select>

    <select id="findCount" resultType="Int">
        select count(*) from question
        <where>
            <if test="sub!=null">
                and sub=#{sub}
            </if>
            <if test="type!=null">
                and type=#{type}
            </if>
        </where>
        ORDER BY time DESC;
    </select>

    <select id="findIdByType" resultType="String">
        select id from question where type=#{type} and sub=#{sub}
    </select>

    <select id="findIdByKey" resultType="Question">
        select * from question
        <where>
            <if test="key!=null">
                and content like "%"#{key}"%"
            </if>
            <if test="sub!=null">
                and sub=#{sub}
            </if>
        </where>
        ORDER BY time DESC limit #{begin},10;
    </select>

    <select id="findCountByKey" resultType="Int">
        select count(*) from question
        <where>
            <if test="key!=null">
                and content like "%"#{key}"%"
            </if>
            <if test="sub!=null">
                and sub=#{sub}
            </if>
        </where>
        ORDER BY time DESC
    </select>
</mapper>