<?xml version="1.0" encoding="UTF-8"?>
<!DOCTYPE mapper PUBLIC "-//mybatis.org//DTD Mapper 3.0//EN" "http://mybatis.org/dtd/mybatis-3-mapper.dtd">
<mapper namespace="pers.zhangdi.graduation.dao.TeacherMapper">
    <select id="findTeacher" resultType="Teacher">
        select * from teacher where id=#{id} and password=#{password}
    </select>
    <select id="findTeacherById" resultType="Teacher">
        select * from teacher where id=#{id}
    </select>
    <select id="findAllTeacher" resultType="Teacher">
        select * from teacher
    </select>
    <insert id="addTeacher">
        insert into teacher values (#{teacher.id},#{teacher.password},#{teacher.name},#{teacher.contact})
    </insert>
    <delete id="deleteTeacher">
        delete from teacher where id=#{id}
    </delete>
    <update id="updateInfo">
        update teacher set id=#{teacher.id},password=#{teacher.password},name=#{teacher.name},contact=#{teacher.contact} where id=#{id}
    </update>

</mapper>