<beans xmlns="http://www.springframework.org/schema/beans"
       xmlns:xsi="http://www.w3.org/2001/XMLSchema-instance"
       xmlns:mvc="http://www.springframework.org/schema/mvc"
       xmlns:context="http://www.springframework.org/schema/context"
       xsi:schemaLocation="http://www.springframework.org/schema/beans
                        http://www.springframework.org/schema/beans/spring-beans.xsd
                        http://www.springframework.org/schema/mvc
      					http://www.springframework.org/schema/mvc/spring-mvc.xsd
                        http://www.springframework.org/schema/context
        				http://www.springframework.org/schema/context/spring-context.xsd" >

    <!-- 开启组件扫描 -->
    <context:component-scan base-package="pers.zhangdi.graduation.controller"></context:component-scan>
    <!--  jsp ViewResolver：视图解析器 -->
    <bean id="viewresolver" class="org.springframework.web.servlet.view.InternalResourceViewResolver">
        <property name="prefix" value="/WEB-INF/jsp/"></property>
        <property name="suffix" value=".jsp"></property>
    </bean>
    <!-- 异常处理器 -->
    <bean class="org.springframework.web.servlet.handler.SimpleMappingExceptionResolver">
        <property name="exceptionMappings">
            <props>
                <prop key="java.lang.Exception">error/error</prop>
            </props>
        </property>
    </bean>
    <!-- 上传文件时需要用到的分解层，默认将编码转为urf-8,设置最大上传容量 ,最大内存-->
    <bean id="multipartResolver" class="org.springframework.web.multipart.commons.CommonsMultipartResolver">
        <property name="defaultEncoding" value="UTF-8" />
        <property name="maxUploadSize" value="102400000" />
        <property name="maxInMemorySize" value="4096" />
    </bean>

    <!-- 配置springmvc对静态资源的访问 防止找不到js，css，img文件 -->
    <mvc:annotation-driven/>
    <mvc:resources mapping="/css/**" location="/WEB-INF/css/"/>
    <mvc:resources mapping="/img/**" location="/WEB-INF/img/"/>
    <mvc:resources mapping="/js/**" location="/WEB-INF/js/"/>
    <!-- 配置拦截器 -->
    <mvc:interceptors>
        <mvc:interceptor>
            <!-- 拦截哪些请求 -->
            <mvc:mapping path="/admin"/>
            <mvc:mapping path="/test_display"/>
            <mvc:mapping path="/test_alter"/>
            <mvc:mapping path="/test_enter"/>
            <mvc:mapping path="/user_add"/>
            <mvc:mapping path="/user_alter"/>
            <mvc:mapping path="/user_display"/>
            <mvc:mapping path="/testpaper_display"/>
            <mvc:mapping path="/testpaper_list"/>

            <!-- 不拦截那些请求 -->
            <mvc:exclude-mapping path="/login"/>
            <mvc:exclude-mapping path="/check"/>
            <!-- 继承了HandlerInterceptor的拦截器 -->
            <bean class="pers.zhangdi.graduation.interceptor.BackLoginInterceptor"></bean>
        </mvc:interceptor>
        <mvc:interceptor>
            <mvc:mapping path="/test"/>
            <mvc:mapping path="/nowTest"/>
            <mvc:mapping path="/personal"/>
            <mvc:mapping path="/testpapers"/>
            <!-- 不拦截那些请求 -->
            <mvc:exclude-mapping path="/login"/>
            <mvc:exclude-mapping path="/check"/>
            <bean class="pers.zhangdi.graduation.interceptor.FrontLoginInterceptor"></bean>
        </mvc:interceptor>
    </mvc:interceptors>

</beans>