<beans xmlns="http://www.springframework.org/schema/beans"
       xmlns:xsi="http://www.w3.org/2001/XMLSchema-instance"
       xmlns:context="http://www.springframework.org/schema/context"
       xsi:schemaLocation="http://www.springframework.org/schema/beans
                        http://www.springframework.org/schema/beans/spring-beans.xsd
                        http://www.springframework.org/schema/context
        				http://www.springframework.org/schema/context/spring-context.xsd" >

    <!-- 开启自动扫描 -->
    <context:component-scan base-package="pers.zhangdi.graduation" />
    <!-- Spring-MyBatis整合 -->
    <!-- 配置数据库连接池(首先引入属性文件) -->
    <context:property-placeholder location="classpath:jdbc.properties" />
    <!-- 使用c3p0数据库连接池 -->
    <bean id="dataSource" class="com.mchange.v2.c3p0.ComboPooledDataSource" destroy-method="close">
        <property name="driverClass" value="${jdbc.driver}" />
        <property name="jdbcUrl" value="${jdbc.url}" />
        <property name="user" value="${jdbc.username}" />
        <property name="password" value="${jdbc.password}" />
        <!-- 当连接池中的连接耗尽的时候c3p0一次同时获取的连接数  -->
        <property name="acquireIncrement" value="5"></property>
        <!-- 初始连接池大小 -->
        <property name="initialPoolSize" value="10"></property>
        <!-- 连接池中连接最小个数 -->
        <property name="minPoolSize" value="5"></property>
        <!-- 连接池中连接最大个数 -->
        <property name="maxPoolSize" value="20"></property>
    </bean>

    <!-- spring代理sqlSessionfactory -->
    <bean id="sqlSessionFactory" class="org.mybatis.spring.SqlSessionFactoryBean">
        <!-- 引用连接池 -->
        <property name="dataSource" ref="dataSource" />
        <!-- 加载mybatis配置文件,必须有,里面的内容可以为空. -->
        <!-- 有关mybatis的特性配置可以写在该文件中,比如插件,setting属性等 -->
        <property name="configLocation" value="classpath:mybatis-config.xml" />
    </bean>

    <!-- 整合下批量扫描mapper接口,不需要对每个mapper进行配置 -->
    <bean class="org.mybatis.spring.mapper.MapperScannerConfigurer">
        <!-- basePackage属性：指定要扫描的包路径下的Mapper接口 -->
        <property name="basePackage" value="pers.zhangdi.graduation.dao"></property>
        <property name="sqlSessionFactoryBeanName" value="sqlSessionFactory" />
    </bean>
</beans>