<?xml version="1.0" encoding="UTF-8" ?>
<beans xmlns="http://www.springframework.org/schema/beans"
       xmlns:xsi="http://www.w3.org/2001/XMLSchema-instance"
       xmlns:context="http://www.springframework.org/schema/context"
       xmlns:mvc="http://www.springframework.org/schema/mvc"
       xsi:schemaLocation="http://www.springframework.org/schema/beans
        http://www.springframework.org/schema/beans/spring-beans.xsd
        http://www.springframework.org/schema/context
        http://www.springframework.org/schema/context/spring-context.xsd http://www.springframework.org/schema/mvc http://www.springframework.org/schema/mvc/spring-mvc.xsd">


    <description>Spring MVC 相关的配置。</description>


    <import resource="classpath:spring/spring-service.xml"/>


    <!-- 扫描 com.ssm.controller 下的所有 @Controller，并添加注册到Spring容器。 -->
    <context:component-scan base-package="com.ssm.controller"/>


    <!-- 配置视图解析器 -->
    <bean class="org.springframework.web.servlet.view.InternalResourceViewResolver">
        <property name="prefix" value="/WEB-INF/views/"/>
        <property name="suffix" value=".jsp"/>
    </bean>


    <!-- 默认配置 -->
    <mvc:annotation-driven>
        <mvc:message-converters register-defaults="true">
            <!-- 集成FastJSON -->
            <bean class="com.alibaba.fastjson.support.spring.FastJsonHttpMessageConverter">
                <property name="supportedMediaTypes">
                    <list>
                        <value>text/html; charset=utf-8</value>
                        <value>application/json; charset=utf-8</value>
                    </list>
                </property>
            </bean>
        </mvc:message-converters>
    </mvc:annotation-driven>


    <!-- 设置静态资源过滤 -->
    <mvc:resources mapping="/asset/**" location="/asset/"/>


</beans>