<?xml version="1.0" encoding="UTF-8" ?>
<!DOCTYPE mapper
        PUBLIC "-//mybatis.org//DTD Mapper 3.0//EN"
        "http://mybatis.org/dtd/mybatis-3-mapper.dtd">
<mapper namespace="com.ssm.dao.RoleMapper">

    <!-- 结果映射 -->
    <resultMap id="roleFullMap" type="com.ssm.entity.Role">
        <id property="id" column="r_id"/>
        <result property="code" column="r_code"/>
        <result property="name" column="r_name"/>
        <result property="desc" column="r_desc"/>
    </resultMap>


    <!-- 新增 -->
    <insert id="add" parameterType="com.ssm.entity.Role">
        insert into sys_role (r_code, r_name, r_desc) values (#{code}, #{name}, #{desc});
    </insert>


    <!-- 按编号查询 -->
    <select id="selectById" parameterType="int" resultMap="roleFullMap">
        select *
        from sys_role
        where
            r_id = #{id};
    </select>


    <!-- 按用户编号查询其拥有的角色信息 -->
    <select id="selectByUserId" parameterType="int" resultMap="roleFullMap">
        select * from sys_role
        where
            r_id in (
                select ur.r_id
                from sys_user_role as ur
                where
                    ur.u_id = #{userId}
            );
    </select>


    <!-- 用于测试的查询所有 -->
    <select id="selectAll" resultMap="roleFullMap">
        select *
        from sys_role
    </select>


</mapper>