<?xml version="1.0" encoding="UTF-8" ?>
<!DOCTYPE mapper
        PUBLIC "-//mybatis.org//DTD Mapper 3.0//EN"
        "http://mybatis.org/dtd/mybatis-3-mapper.dtd">
<mapper namespace="com.ssm.dao.UserMapper">

    <!-- 结果映射 -->
    <resultMap id="userFullMap" type="com.ssm.entity.User">
        <id property="id" column="u_id"/>
        <result property="email" column="u_email"/>
        <result property="pwd" column="u_pwd"/>
        <result property="name" column="u_name"/>
        <result property="status" column="u_status"/>
        <collection property="roles" ofType="com.ssm.entity.Role">
            <id property="id" column="r_id"/>
            <result property="code" column="r_code"/>
            <result property="name" column="r_name"/>
            <result property="desc" column="r_desc"/>
        </collection>
    </resultMap>


    <!-- 新增 -->
    <insert id="add" parameterType="com.ssm.entity.User">
        insert into sys_user (u_email, u_pwd, u_name, u_status)
        values (#{email}, #{pwd}, #{name}, #{status})
    </insert>


    <!-- 按编号删除 -->
    <delete id="deleteById" parameterType="int">
        delete from sys_user
        where u_id = #{id}
    </delete>


    <!-- 更新用户信息 -->
    <update id="update" parameterType="com.ssm.entity.User">
        update sys_user
        set
            u_email  = #{email},
            u_pwd    = #{pwd},
            u_name   = #{name},
            u_status = #{status}
        where
            u_id = #{id}
    </update>


    <!-- 登录查询 -->
    <select id="login" parameterType="com.ssm.entity.User" resultMap="userFullMap">
        select *
        from sys_user
        where
            u_email = #{email} and
            u_pwd = #{pwd}
    </select>


    <!-- 按邮箱查询 -->
    <select id="selectByEmail" parameterType="string" resultMap="userFullMap">
        select *
        from sys_user
        where
            u_email = #{email}
    </select>


    <!-- 用于测试的查询所有 -->
    <select id="selectAll" resultMap="userFullMap">
        select
            u.*,
            r.*
        from sys_user as u
        left join sys_user_role as ur on u.u_id=ur.u_id
        left join sys_role as r on r.r_id=ur.r_id
    </select>

    <insert id="updateRole">
        insert into sys_user_role (u_id, r_id) values

        <foreach collection="roleIds" item="rid" separator=",">
            ( #{uid}, #{rid} )
        </foreach>
    </insert>

    <delete id="clearRole" parameterType="int">
        delete from sys_user_role where u_id=#{uid}
    </delete>

    <!-- 按编号查询用户信息 -->
    <select id="selectById" parameterType="int" resultMap="userFullMap">
        select
            u.*,
            r.*
        from sys_user as u
            left join sys_user_role as ur on u.u_id=ur.u_id
            left join sys_role as r on r.r_id=ur.r_id
        where
            u.u_id=#{uid}
    </select>

</mapper>